algorithm,mean_time,min_time,max_time,success_rate_%
RII,45.091468000000006,12.351116,132.411926,100.0
VNS,,5.990996,,52.0
