initial_solution,mean_of_avg_deviations
cw,17.028177444444445
random,34.625055882478634
